내용,은행
"iM뱅크, 3분기 개별 순이익 1324억 달성",IM뱅크
"iM뱅크, 3분기 누적 순이익 3425억원…전년比 1.6% 감소",IM뱅크
3분기 iM뱅크 호실적에도 DGB금융 순이익 10.7% 감소,IM뱅크
"DGB금융, 순이익 40% 줄었지만…iM뱅크 '분기 최대'·자사주 1500억원 소각",IM뱅크
"DGB금융그룹, 2027년까지 자사주 1500억원 소각···주가 개선 추진",IM뱅크
지방은행 1호 시중은행으로 전환한 iM뱅크의 문화 체험 경영,IM뱅크
"지방은행 올리자 인뱅도 가세…케이뱅크, 아담대 금리 여섯번째 인상",IM뱅크
"iM뱅크, 적십자 인도주의 활동 유공 국무총리상 수상",IM뱅크
iM뱅크 웃고 iM증권 울었다,IM뱅크
"황병우 DGB금융 회장, iM뱅크 행장도 연임하나?",IM뱅크
"iM뱅크, 지역사회 ESG 경영 확산 및 사회공헌 위한 업무협약 체결",IM뱅크
"LGU+, iM뱅크와 가상 대학 캠퍼스 구축 맞손",IM뱅크
"iM뱅크, 인터넷뱅킹 ‘전자점자서비스’ 출시",IM뱅크
"iM뱅크, 중진공 올해 '2차 스케일업 금융' 사업에 참여",IM뱅크
"iM뱅크, 3분기 순이익 1323억 원…분기 역대 최대",IM뱅크
"[게시판] LG유플러스-iM뱅크, 대학 캠퍼스 디지털 환경 구축 협력",IM뱅크
"iM뱅크, 지구촌 나무 심기 사업 후원금 전달식 개최",IM뱅크
"iM뱅크, 11월 11일 지인들과 함께 기쁨 나눌 수 있는 이벤트 마련",IM뱅크
"토스뱅크, 대구신보에 특별출연금 1억원 쾌척…대구 소상공인 금융지원",IM뱅크
"LGU+, iM뱅크 디지털 환경 구축 맞손",IM뱅크
"DGB금융, 3분기 누적순익 2526억원…iM뱅크, 최대 실적",IM뱅크
`시중은행` iM뱅크 3분기 순익 1324억원…전년동기比 35.7%↑,IM뱅크
"iM뱅크, LG유플러스와 대학생 위한 차세대 디지털 환경 구축",IM뱅크
"LG유플러스, iM뱅크와 대학 캠퍼스 디지털 환경 구축 협력",IM뱅크
"DGB금융-iM뱅크, 금융권 최초 책무구조도 동시 제출",IM뱅크
"iM뱅크, 삼성라이온즈 '특판 홈런 예·적금' 우대금리",IM뱅크
"대구교육청, iM뱅크와 '학생 민주시민 체험' 기부금 전달",IM뱅크
"iM뱅크, 3분기 영업익 1571억…전년비 26.6% ↑",IM뱅크
"iM뱅크, 토스와 '디지털 채널 전략적 사업 제휴' 맞손",IM뱅크
"KEIT, iM뱅크와 지역사회 ESG 확산 업무협약",IM뱅크
"DGB금융 ""iM뱅크·증권, 내년 성장 예상""",IM뱅크
"[대구소식]iM뱅크, 적십자 인도주의 활동 유공 '국무총리상' 등",IM뱅크
"iM뱅크·KEIT, 지역사회 ESG 경영 확산 협약",IM뱅크
"iM뱅크, 중진공 '2024 제2차 스케일업금융 사업' 참여",IM뱅크
"사고로 얼룩진 은행권, ‘책무구조도’로 쇄신…신한·하나은행·iM뱅크 선제 대응",IM뱅크
"iM뱅크 ""앱으로 빼빼로 선물하고, 현금도 받아가세요""",IM뱅크
"iM뱅크, LG유플러스와 '디지털 캠퍼스 구축' MOU",IM뱅크
"iM뱅크, 빼빼로 선물하고 현금 받아가는 이벤트 실시",IM뱅크
"DGB금융·iM뱅크, 금융권 최초 책무구조도 동시 제출",IM뱅크
"iM뱅크, 비대면 금융 사각지대 없앤다… 인터넷뱅킹 점자서비스 도입",IM뱅크
"iM뱅크, 포항서 CEO포럼 개최…지역 CEO 등 150명 모여",IM뱅크
"“年 3조 軍 월급 잡아라” 은행들, 나라사랑카드 입찰에 사활[금융팀의 뱅크워치]",IM뱅크
[오늘의 금융가소식] iM뱅크 外,IM뱅크
[오늘의 예금] 10월 다섯째주 기준 최고 금리 주는 예금상품은? 아이엠뱅크 ‘iM주거래우대예금’,IM뱅크
"DGB사회공헌재단, 지역민 화합의 장 'IM상생음악회' 개최",IM뱅크
"iM뱅크, 토스와 디지털 채널 활성화 사업제휴 협약",IM뱅크
"DGB금융그룹, ‘iM 상생 음악회’ 개최",IM뱅크
"DGB금융·iM뱅크, 책무구조도 동시 제출 완료",IM뱅크
"LG유플러스, iM뱅크와 맞손...대학 캠퍼스 디지털 환경 구축한다",IM뱅크
"iM뱅크, 제24회 포항 CEO포럼 개최",IM뱅크
"iM뱅크, LG유플과 대학생 위한 ‘차세대 디지털 환경’ 구축 협약",IM뱅크
"iM뱅크, 중소벤처기업진흥공단 '스케일업금융 사업' 참여",IM뱅크
"iM뱅크, LG유플러스와 대학생 대상 차세대 디지털 환경 구축 협약 체결",IM뱅크
"DGB금융·iM뱅크, 책무구조도 동시 제출…금융권 최초",IM뱅크
"iM뱅크, 시중은행 전환에 따른 사회적 책임 강화...중소기업 지원",IM뱅크
"iM뱅크, LGU+와 대학생 디지털 캠퍼스 환경 조성 협약",IM뱅크
DGB금융-iM뱅크 금융권 최초 '책무구조도' 동시 제출,IM뱅크
"iM뱅크, 중진공 '2024년 제2차 스케일업금융 사업' 참여",IM뱅크
"iM뱅크, 중진공 '스케일업금융 사업' 참여",IM뱅크
iM뱅크 적십자 인도주의 활동 유공 '국무총리상' 수상,IM뱅크
"iM뱅크, 11월11일 선물 무료로 주고 받아요 이벤트 진행",IM뱅크
"iM뱅크, 적십자 인도주의 활동 유공 '국무총리상' 수상",IM뱅크
"포항상의-iM뱅크, 제24회 포항 CEO 포럼 개최",IM뱅크
"LG유플러스-iM뱅크, 대학 캠퍼스 디지털 환경 구축 협력",IM뱅크
"DGB금융-아이엠뱅크, 금융당국에 책무구조도 동시 제출",IM뱅크
"iM뱅크 - 토스, 사업제휴 협약 ""디지털 채널 활성화""",IM뱅크
"iM뱅크, KTcs와 금융소외계층 금융접근성 제고 '맞손'",IM뱅크
"LG유플러스, iM뱅크와 맞손... 대학 캠퍼스 디지털 환경 구축한다",IM뱅크
"iM뱅크, ‘대구민주시민교육 활성화 업무 협약’ 지구촌 나무 심기 사업 후원",IM뱅크
"DGB금융지주-iM뱅크, 금융권 최초 책무구조도 동시 제출",IM뱅크
"LG유플러스-iM뱅크, 대학 캠퍼스 디지털 환경 구축 위해 '맞손'",IM뱅크
"iM뱅크, 삼성라이온즈 포스트시즌 진출 '특판 iM 홈런 예·적금' 우대금리 지급",IM뱅크
대구 구금고 지정에 IBK기업은행이 참전한 까닭은?…iM뱅크 아성에 도전,IM뱅크
"iM뱅크-토스, 디지털 채널 활성화 사업제휴 협약 체결",IM뱅크
"iM뱅크, 토스와 제휴로 브랜드 이미지 높인다",IM뱅크
"iM뱅크, 시각장애인 위한 인터넷뱅킹 전자점자서비스 도입",IM뱅크
"iM뱅크(아이엠뱅크) - LG유플러스,MOU...대학생 대상 디지털 캠퍼스 환경 조성",IM뱅크
"DGB금융지주, iM뱅크 책무구조도 동시제출…내부통제 선제대응 의지",IM뱅크
"삼성라이온즈 포스트시즌 진출에 iM뱅크, ""특판 예·적금 우대금리 0.10%p 지급""",IM뱅크
"DGB금융·iM뱅크, 책무구조도 동시 제출",IM뱅크
"DGB금융·iM뱅크, 책무구조도 제출···내부통제 강화",IM뱅크
iM뱅크서 ‘막대 과자’ 선물 받으세요,IM뱅크
"iM뱅크, 삼성라이온즈 응원 예·적금에 우대금리 최대 0.3%p 적용",IM뱅크
"iM뱅크, 인터넷뱅킹 '전자점자서비스' 출시",IM뱅크
"DGB금융-iM뱅크 금융권 최초 책무구조도 '동시 제출', 은행으로는 2번째",IM뱅크
"iM뱅크, 삼성 포스트시즌 진출 ‘특판 iM 홈런 예·적금’ 우대금리 지급",IM뱅크
"M뱅크(아이엠뱅크) - LG유플러스 맞손 ""대학생 디지털 캠퍼스 환경 조성""",IM뱅크
"""시각장애인도 인터넷뱅킹 쉽게"" iM뱅크, 국내 금융권 최초 '전자점자서비스' 출시",IM뱅크
"[포토] iM뱅크 ""앱으로 빼빼로 선물하고, 현금도 받아가세요""",IM뱅크
"iM뱅크 적십자 인도주의 활동 국무총리상 받아, 황병우 “사회적 책임 다한다”",IM뱅크
"산업기술기획평가원, iM뱅크와 지역사회 ESG 확산 업무협약",IM뱅크
"iM뱅크, ""삼성라이온즈 리그 성적에 따라 '홈런 예·적금' 우대금리 지급한다""",IM뱅크
"iM뱅크(아이엠뱅크), 삼성라이온즈 포스트시즌 진출 ‘특판 iM 홈런 예·적금’ 우대금리 지급",IM뱅크
"iM뱅크‧토스 맞손, 신규고객 유치‧인적자원 교류 협력",IM뱅크
"iM뱅크-한국산업기술기획평가원(KEIT), 지역사회 ESG 경영 확산 및 사회공헌을 위한 업무협약",IM뱅크
"DGB금융-iM뱅크, 책무구조도 동시 제출…황병우 회장 내부통제 강조",IM뱅크
"KEIT, iM뱅크와 지역사회 ESG 확산 위한 업무협약 체결",IM뱅크
"DGB금융·iM뱅크, 책무구조도 동시 제출...“내부통제 강화”",IM뱅크
"LG유플러스, iM뱅크와 대학 캠퍼스 디지털 환경 구축 협약",IM뱅크
"DGB금융-iM뱅크, 책무구조도 동시 제출",IM뱅크
"신한은행, 포스코인터내셔널과 전략적 업무협약 체결",신한은행
"신한은행, 글로벌 미래 인재 성장 지원",신한은행
"신한은행, ‘차곡차곡 SIGN 포인트’ 이벤트",신한은행
"신한은행, 글로벌 사회공헌",신한은행
금융지주 3Q 순익 16.5조 넘어 '역대 최대'…KB '리딩금융' 신한 '리딩뱅크',신한은행
"신한은행, '차곡차곡 SIGN 포인트' 이벤트 진행 外",신한은행
"신한금융, 5대 금융지주 최초 책무구조도 제출",신한은행
“545조 ‘지역 공공금고’ 농협·신한 독과점 심각…지역금융과 나눠야”,신한은행
"신한은행, 인증서 사용하면 포인트 준다",신한은행
"김단비 34점…디펜딩 챔피언 우리은행, 신한은행 꺾고 첫 승",신한은행
"신한은행-포스코인터, 디지털 무역금융 활성화 협약",신한은행
"코빗, 신한은행 동행 이어갈까",신한은행
"육군, 포스코·신한은행 등 전역 장병 채용 우수기업 CEO 초청 간담회",신한은행
[금융 브리핑] KB국민은행·신한은행·우리은행,신한은행
"신한은행, 음성뱅킹·챗봇 등 신기술 새로운 경험",신한은행
"신한은행, ASIA CSCON24 플래티넘 스폰서 단독 참여",신한은행
"신한은행, 전자무역 거래·무역금융 디지털화 선도 나서..포스코인터내셔널과 업무협약",신한은행
"""신한인증서 사용하면 포인트 혜택""...신한은행, 차곡차곡 이벤트 실시",신한은행
"‘신한인증서’ 이용하면 포인트가 팡팡! 신한은행, ‘차곡차곡 SIGN 포인트’ 이벤트 시행",신한은행
"신한은행, '2024 신한 위드 글로벌 CSR 프로젝트' 행사 진행",신한은행
"신한금융, 3분기 순익 1조2386억원…“증권 손실 타격”",신한은행
신한금융 스타트 끊었다…5대 금융 첫 책무구조도 제출,신한은행
"신한은행, 포스코인터내셔널과 거래·무역금융 디지털화 협력",신한은행
"신한금융, 당국에 책무구조도 제출",신한은행
"신한은행, '차곡차곡 SIGN 포인트' 이벤트 진행",신한은행
책무구조도 5대금융서 첫 제출…시범운영 앞두고 막판 속도전,신한은행
"[단독]신한銀 땡겨요, 정부 디지털화폐 실험무대 오른다",신한은행
"신한금융, 5대 지주 첫 책무구조도 제출",신한은행
"신한은행, 신한인증서 이벤트...""인증하면 포인트""",신한은행
"신한銀 배달앱 '땡겨요', 한은 CBDC로 결제한다",신한은행
"신한은행, 가계대출 중도상환 해약금 11월 말까지 면제",신한은행
'1300억원 투자손실'에 순항하던 신한지주 '주춤',신한은행
"신한은행, '신한인증서' 사용하면 신한포인트 차곡차곡",신한은행
"내부통제 강한 의지 '진옥동 회장'...신한금융, 5대 금융지주 최초 책무구조도 제출",신한은행
"신한은행, 가계대출 중도상환해약금 11월 말까지 한시적 면제",신한은행
"‘파생 손실’ 신한금융, 은행 선방에 올 4조 벌었다",신한은행
"다 떠났어도 김단비 있었네…‘34점 단비’ 맞은 우리은행, 신한은행 12점 차 격파",신한은행
"신한은행, 가계대출 중도상환 해약금 한시 면제",신한은행
"'디펜딩 챔피언' 우리은행, 신한은행 꺾고 첫 승...김단비 34점 원맨쇼",신한은행
"신한은행, 인천 왕길동 산업단지 화재피해 금융지원",신한은행
"‘역대급 누적 순익’ 신한금융, 주주환원도 ‘기대 이상’ [한양경제]",신한은행
"신한은행, 11월까지 중도상환해약금 한시 면제",신한은행
"'역시 디펜딩 챔프' 우리은행, 시즌 개막전서 신한은행 격파",신한은행
"신한은행, 가계대출 중도상환해약금 한시적 면제",신한은행
"신한은행, 가계대출 한시적 중도상환해약금 면제한다",신한은행
신한금융 3분기 순이익 13% 감소… 누적 이익은 4조 육박,신한은행
"신한은행, 11월까지 가계대출 중도상환수수료 면제",신한은행
"신한금융, 3분기 누적 순이익 3조 9856억원",신한은행
신한은행 11월까지 가계대출 중도상환 해약금 면제,신한은행
"신한은행, 대출 중도상환 해약금 11월까지 면제",신한은행
"신한은행, 가계대출 한시적 중도상환해약금 면제",신한은행
신한금융그룹 2024년 3분기 경영실적 발표,신한은행
"신한은행, 11월까지 대출 중도상환수수료 면제…가계대출 관리에 ‘박차’",신한은행
"신한금융, 1300억 증권 손실에도 순익 성장…3분기 누적 ‘4조원’ 육박",신한은행
"신한銀, 11월말까지 한시적 가계대출 중도상환해약금 '면제'",신한은행
"신한은행, 포스코인터내셔널과 전자무역거래·무역금융 디지털화 MOU",신한은행
"신한銀, 가계대출 한시적 중도상환해약금 면제",신한은행
"신한금융, 3분기 누적 당기순익 3조9856억원…전년比 4.4% 증가",신한은행
"""신한금융 ROE 개선위해 자본시장 경쟁력 강화 급선무""",신한은행
리딩금융 멀어진 신한… 비은행 강화 힘 빠진 우리,신한은행
"신한금융, 3분기 누적 순이익 3조9856억원…전년比 4.4%↑",신한은행
[웜업터뷰] ‘타니무라 선발 출전’ 신한은행 구나단 감독 “몸 상태 올라오면 더 좋아질 것”,신한은행
"신한은행, 가계대출 한시적 '중도상환해약금' 면제 실시",신한은행
"신한은행, '2024 우수고객 초청 세미나' 개최",신한은행
"신한금융, 3분기 순익 1조2386억…전년比 3.9%↑",신한은행
"신한은행, 인천 왕길동 산단 화재피해 지원",신한은행
"금감원, 신한銀에 '자금세탁방지 감사업무 미흡' 개선 요구",신한은행
"신한은행, '보이스피싱제로' 2차년도 사업 추진…""올해도 100억 지원""",신한은행
신한 제치고 '리딩금융' 수성한 KB금융…격차 더 벌어졌다,신한은행
"신한금융그룹, 3분기 순이익 13.1%↓…파생상품 거래 손실 영향",신한은행
"신한은행, 11월 말까지 가계대출 중도상환해약금 면제",신한은행
"신한은행, 가계대출 중도상환해약금 한시 면제",신한은행
"신한은행, 토스와 IRP 신규고객 적립금 이벤트 실시",신한은행
"신한은행, 11월 말까지 가계대출 중도상환해약금 한시 면제",신한은행
"신한은행, 대출상환 부담 낮춘다…‘중도해약금’ 한시 면제",신한은행
"신한은행, 11월 말까지 중도상환해약금 한시적 면제",신한은행
신한음악상 ‘김정래’ 제네바 콩쿠르 2위 입상,신한은행
"신한은행, 인천 왕길동 산업단지 화재피해 개인‧기업 금융지원",신한은행
"신한금융, 대규모 손실 반영에도 펀더멘털 '탄탄'…누적순익 4조 육박",신한은행
신한금융 3분기 누적순익 약 4조…전년보다 4.4% 늘어,신한은행
"증권 1300억 금융사고 여파에도…신한금융, 3분기 누적 순익 4조 육박",신한은행
신한은행 '보이스피싱제로' 2차년도 사업 추진,신한은행
"3분기 '리딩금융' KB금융 품으로…신한금융, 1,300억대 파생상품 손실로 '주춤'",신한은행
"신한은행, 거래외국환은행 지정 이벤트 실시",신한은행
"[WKBL] 김단비 34점 '원맨쇼'…우리은행, 신한은행 꺾고 시즌 첫 승",신한은행
"신한은행, '보이스피싱제로' 2차년도 사업 추진",신한은행
"신한은행, '보이스피싱제로' 추진…피해고객 최대 300만원 지원",신한은행
"신한금융, 3분기 누적 순이익 3조9856억원… 4000억원 자사주 소각",신한은행
"신한은행, 11월 말까지 가계대출 중도상환해약금 한시적 면제",신한은행
"신한은행, ‘2024 우수고객 초청 세미나’ 개최",신한은행
"신한금융, 3분기 누적 순익 3조9856억원…4000억원 자사주 소각",신한은행
"신한금융 신한투자증권 손실 딛고 3분기 순이익 선방, 진옥동 정도경영 고삐",신한은행
"신한은행, 글로벌 장학사업…다문화가정 지원",신한은행
"""글로벌 CSR 확장""...신한銀, '더함'·'나눔' 프로젝트",신한은행
"신한은행, '차곡차곡 SIGN 포인트' 이벤트",신한은행
"""무역금융 디지털화 선도""...신한은행, 포스코인터내셔널과 전략적 업무협약",신한은행
"육군, ‘신한은행’ 등 ‘전역 장병 채용 우수기업 초청간담회’ 개최",신한은행
"금융권 책무구조도 윤곽... 신한·하나 '선제 도입', 농협·우리 '눈치'",신한은행
"NH농협과 신한은행 지역 공공금고 81% 차지, 민주당 김현정 ""지역금융과 나눠야""",신한은행
"신한은행, 동남·중앙아시아 유학생 20명에 장학금 전달",신한은행
